{
    "accuracy": 0.6927083333333334,
    "precision": 0.5492957746478874,
    "recall": 0.5909090909090909,
    "f1": 0.5693430656934306
}